<?xml version="1.0" encoding="UTF-8"?>
<project-private xmlns="http://www.netbeans.org/ns/project-private/1">
    <editor-bookmarks xmlns="http://www.netbeans.org/ns/editor-bookmarks/2" lastBookmarkId="0"/>
    <open-files xmlns="http://www.netbeans.org/ns/projectui-open-files/2">
        <group>
            <file>file:/C:/Users/DELL/Documents/NetBeansProjects/SalesInvoice/src/com/udacity/model/InvoiceLine.java</file>
            <file>file:/C:/Users/DELL/Documents/NetBeansProjects/SalesInvoice/src/com/udacity/model/InvoiceHeaderTableModel.java</file>
            <file>file:/C:/Users/DELL/Documents/NetBeansProjects/SalesInvoice/src/com/udacity/controller/SalesInvoiceListener.java</file>
            <file>file:/C:/Users/DELL/Documents/NetBeansProjects/SalesInvoice/src/com/udacity/view/InvoiceFrame.java</file>
            <file>file:/C:/Users/DELL/Documents/NetBeansProjects/SalesInvoice/src/com/udacity/view/InvoiceLineDialog.java</file>
            <file>file:/C:/Users/DELL/Documents/NetBeansProjects/SalesInvoice/src/com/udacity/model/InvoiceHeader.java</file>
            <file>file:/C:/Users/DELL/Documents/NetBeansProjects/SalesInvoice/src/com/udacity/model/InvoiceLinesTableModel.java</file>
            <file>file:/C:/Users/DELL/Documents/NetBeansProjects/SalesInvoice/src/com/udacity/view/InvoiceHeaderDialog.java</file>
        </group>
    </open-files>
</project-private>
